,brandnm,goodsnm,USER,reg_date,order_date,p_type,sub_type,app_yn,4days,7days
0,Gucci,flower dionysus shoulder bag beige,a161237,2019-12-06,2021-01-15,7days,BA,Y,46300,56300
1,Gucci,dionysus cross bag,a1143028,2021-01-14,2021-01-15,4days,BA,Y,46300,56300
2,Louis Vuitton,twist monogram patent shoulder bag black,a1140216,2020-12-28,2021-01-15,7days,BA,Y,46580,56580
3,Tory Burch,flower ethnic pattern cross bag white,a1141255,2021-01-05,2021-01-15,4days,BA,Y,33620,43620
4,Chloe,faye small bag black,a1129386,2020-11-09,2021-01-15,4days,BA,Y,35150,45150
5,Prada,logo hobo bag black,a1143143,2021-01-15,2021-01-15,4days,BA,Y,39000,49000
6,Gucci,microssima mini cross body bag pink,a1142921,2021-01-14,2021-01-14,4days,BA,Y,46300,56300
7,Fendi,stripe pattern two way bucket bag brown,a1142679,2021-01-13,2021-01-14,7days,BA,Y,47820,57820
8,Fendi,two way bucket bag white,a192991,2020-04-02,2021-01-14,7days,BA,Y,47820,57820
9,Prada,quilted cross body bag black,a1142924,2021-01-14,2021-01-14,4days,BA,Y,39000,49000
10,Bottega Veneta,intrecciato clutch bag black 2,a1142841,2021-01-13,2021-01-14,4days,BA,Y,38170,48170
11,Gucci,microssima emily mini bag black,a1142736,2021-01-13,2021-01-13,7days,BA,Y,46300,56300
12,Louis Vuitton,monogram shoulder bag black,a164734,2019-12-13,2021-01-13,4days,BA,Y,46580,56580
13,Gucci,mamont chain bag black,a1128095,2020-11-01,2021-01-13,4days,BA,Y,46300,56300
14,Celine,luggage bag black,a1133560,2020-11-27,2021-01-12,7days,BA,Y,45500,55500
15,Christian Dior,letter pointed tote bag small,a182494,2020-02-14,2021-01-10,7days,BA,Y,45670,55670
16,Biker Starlet,classic two way bag black,a1140737,2021-01-01,2021-01-08,4days,BA,Y,34000,44000
17,Givenchy,givenchy obsedia medium bag,a199351,2020-05-03,2021-01-06,7days,BA,Y,35730,45730
18,Gucci,dionysus cross bag2,a1134530,2020-12-01,2021-01-06,7days,BA,Y,46300,56300
19,Gucci,flap cross bag grey,a1139426,2020-12-23,2021-01-06,4days,BA,Y,46300,56300
20,Vivienne Westwood,nappa clasp chain bag,a1137121,2020-12-15,2021-01-05,7days,BA,Y,34000,44000
21,Chloe,drew bag beige,a1141010,2021-01-04,2021-01-05,7days,BA,Y,35150,45150
22,Saint Laurent,quilted calfskin shoulder bag,a1139320,2020-12-22,2021-01-05,7days,BA,Y,45670,55670
23,Christian Dior,oblique jacquard shoulder bag,a1119528,2020-09-14,2021-01-04,4days,BA,Y,45670,55670
24,Bottega Veneta,foldover top cross bag black,a134855,2019-07-30,2021-01-04,4days,BA,Y,38170,48170
25,Prada,padding two way bag black,a1141018,2021-01-04,2021-01-04,4days,BA,Y,39000,49000
26,Celine,luggage bag black,a1118051,2020-09-06,2021-01-03,4days,BA,Y,45500,55500
27,Gucci,marmont gg logo quilted bag Black 4,a1127774,2020-10-30,2021-01-03,7days,BA,Y,46300,56300
28,Gucci,sylvie mini chain ribbon bag white,a1138262,2020-12-19,2021-01-03,4days,BA,Y,46300,56300
29,Yves Saint Laurent,monogram envelope chain cross bag,a1142618,2021-01-13,2021-01-31,7days,BA,Y,46500,56500
30,Chanel,quilted leather clutch bag,a1144959,2021-01-30,2021-01-30,7days,BA,Y,47330,57330
31,Fendi,two way bucket bag black,a1144401,2021-01-25,2021-01-29,4days,BA,Y,47820,57820
32,Gucci,microssima emily mini bag black,a1144814,2021-01-28,2021-01-28,7days,BA,Y,46300,56300
33,Christian Dior,oblique jacquard shoulder bag,a1141009,2021-01-04,2021-01-28,4days,BA,Y,45670,55670
34,Gucci,small logo pointed cross bag black,a1144790,2021-01-28,2021-01-28,4days,BA,Y,46300,56300
35,Prada,logo hobo bag black,a1135097,2020-12-04,2021-01-28,4days,BA,Y,39000,49000
36,Gucci,dionysus cross bag,a1144763,2021-01-28,2021-01-28,7days,BA,Y,46300,56300
37,Gucci,leather point cross bag,a1144727,2021-01-27,2021-01-28,4days,BA,N,46300,56300
38,Burberry,tb leather belt bag black,a1144350,2021-01-24,2021-01-27,4days,BA,Y,36120,46120
39,Gucci,dionysus cross bag2,a1136047,2020-12-09,2021-01-27,4days,BA,Y,46300,56300
40,Bottega Veneta,foldover top cross bag black,a1129084,2020-11-07,2021-01-27,4days,BA,Y,38170,48170
41,Vunque,toque tote M black,a181152,2020-02-09,2021-01-27,4days,BA,Y,34000,44000
42,Celine,luggage bag black,a1144203,2021-01-23,2021-01-26,7days,BA,Y,45500,55500
43,Salvatore Ferragamo,vara leather cross bag black,a1144228,2021-01-23,2021-01-26,4days,BA,Y,39000,49000
44,Burberry,classic cross bag black,a1144470,2021-01-25,2021-01-26,4days,BA,Y,36120,46120
45,Balenciaga,gold logo point tote bag blue,a1144445,2021-01-25,2021-01-25,4days,BA,Y,39000,49000
46,Gucci,dionysos velvet chain shoulder bag navy,a1143759,2021-01-19,2021-01-25,7days,BA,Y,46300,56300
47,Prada,gold logo crossbody bag hotpink,a168919,2019-12-28,2021-01-25,7days,BA,Y,39000,49000
48,Gucci,sylvie mini chain ribbon bag white,a1144355,2021-01-24,2021-01-24,7days,BA,Y,46300,56300
49,Salvatore Ferragamo,ginny bag M black silver chain,a1144105,2021-01-22,2021-01-24,7days,BA,N,39000,49000
50,Gucci,logo pointed cross bag,a1144326,2021-01-24,2021-01-24,7days,BA,Y,46300,56300
51,Yves Saint Laurent,belle de jour clutch black,a117125,2019-02-27,2021-01-24,7days,BA,Y,46500,56500
52,Chanel,2.55 classic patent bag navy,a1137772,2020-12-18,2021-01-23,7days,BA,Y,47330,57330
53,Bottega Veneta,intrecciato shoulder bag purple,a1138161,2020-12-19,2021-01-23,4days,BA,Y,38170,48170
54,Yves Saint Laurent,logo clutch bag black,a1144097,2021-01-22,2021-01-22,4days,BA,Y,46500,56500
55,Yves Saint Laurent,monogram envelope chain cross bag,a1144045,2021-01-22,2021-01-22,4days,BA,Y,46500,56500
56,Prada,small logo classic two way bag black,a1144011,2021-01-21,2021-01-22,4days,BA,Y,39000,49000
57,Saint Laurent,quilted calfskin shoulder bag,a1141954,2021-01-10,2021-01-22,4days,BA,Y,45670,55670
58,Gucci,mamont chain bag red,a1144008,,2021-01-21,7days,BA,Y,46300,56300
59,Prada,saffiano lux M gray,a1143269,2021-01-15,2021-01-21,4days,BA,Y,39000,49000
60,Yves Saint Laurent,chevron pattern chain bag beige,a1140640,2020-12-31,2021-01-21,4days,BA,Y,46500,56500
61,Louis Vuitton,monogram shoulder bag black,a112106,2018-11-27,2021-01-21,7days,BA,Y,46580,56580
62,Gucci,dionysus cross bag black,a140509,2019-09-15,2021-01-21,4days,BA,Y,46300,56300
63,Miu Miu,bauletto vitello pink,a1106233,2020-06-27,2021-01-21,7days,BA,Y,39000,49000
64,Dior,monogram clutch beige,a1130171,2020-11-12,2021-01-21,4days,BA,Y,49000,59000
65,Mulberry,lily bag brown multi,a1143945,2021-01-21,2021-01-21,4days,BA,N,35150,45150
66,Fendi,chain strap tote bag multi,a18567,2018-09-12,2021-01-21,7days,BA,Y,47820,57820
67,Saint Laurent,classic tote bag black,a11803,2017-07-02,2021-01-20,4days,BA,Y,45670,55670
68,Marni,bucket shoulder bag beige,a1123232,2020-10-08,2021-01-20,4days,BA,Y,37950,47950
69,Prada,striped strap cross bag,a1131731,2020-11-19,2021-01-20,7days,BA,Y,39000,49000
70,Dolce & Gabbana,classic two way bag beige,a1121911,2020-09-30,2021-01-19,4days,BA,Y,37330,47330
71,DELLEST,trunkino small bag green 1,a1141029,2021-01-04,2021-01-18,4days,BA,Y,34380,44380
72,Chloe,marcie cross bag brown,a1143692,2021-01-18,2021-01-18,4days,BA,N,35150,45150
73,Gucci,GG clutch chain bag,a1143683,2021-01-18,2021-01-18,4days,BA,Y,46300,56300
74,Chloe,daria tote bag brown,a11612,2017-06-24,2021-01-18,7days,BA,Y,35150,45150
75,Burberry,vintage check lettering bag,a1147629,2021-02-26,2021-02-26,4days,BA,Y,36120,46120
76,Yves Saint Laurent,Y clutch black,a177508,2020-01-27,2021-02-26,4days,BA,Y,46500,56500
77,Prada,saffiano mini bag blue,a1147227,2021-02-22,2021-02-25,7days,BA,Y,39000,49000
78,Balenciaga,motor city bag charcoal gray,a111344,2018-11-12,2021-02-25,4days,BA,Y,39000,49000
79,Prada,saffiano cross chain bag black,a1147510,2021-02-25,2021-02-25,7days,BA,Y,39000,49000
80,Prada,shirring detail two way bag black,a122219,2019-05-08,2021-02-25,4days,BA,Y,39000,49000
81,Gucci,GG clutch chain bag,a1147139,2021-02-22,2021-02-25,4days,BA,Y,46300,56300
82,Play Nomore,micro candy bag white,a1147532,2021-02-25,2021-02-25,4days,BA,Y,34000,44000
83,Valentino,studded two way bag black,a1147471,2021-02-24,2021-02-25,7days,BA,Y,37640,47640
84,Chloe,daria tote bag brown,a1147483,2021-02-25,2021-02-25,7days,BA,Y,35150,45150
85,Prada,saffiano leather mini crossbody bag,a1147237,2021-02-23,2021-02-24,4days,BA,Y,39000,49000
86,Yves Saint Laurent,chevron pattern chain bag beige,a1110928,2020-08-10,2021-02-24,4days,BA,Y,46500,56500
87,Gucci,small logo pointed cross bag black,a1147417,2021-02-24,2021-02-24,4days,BA,N,46300,56300
88,Gucci,padlock GG canvas chain bag 2,a1147112,2021-02-21,2021-02-24,7days,BA,Y,46300,56300
89,Rosa.K,cabas monogram two way bag beige,a117741,2019-03-09,2021-02-24,4days,BA,Y,34000,44000
90,Gucci,dionysos velvet chain shoulder bag navy,a1147337,2021-02-24,2021-02-24,4days,BA,Y,46300,56300
91,Prada,logo point suede bag burgundy,a1122302,2020-10-03,2021-02-23,4days,BA,Y,39000,49000
92,Bulgari,serpenti bag green,a1109893,2020-07-30,2021-02-23,7days,BA,Y,37330,47330
93,Fendi,ff logo point cross bag black,a1147223,2021-02-22,2021-02-23,4days,BA,Y,47820,57820
94,Gucci,dionysus cross bag black,a1114429,2020-08-19,2021-02-23,7days,BA,Y,46300,56300
95,Gucci,logo pointed cross bag,a1101645,2020-05-26,2021-02-23,4days,BA,N,46300,56300
96,Yves Saint Laurent,monogram envelope chain cross bag,a1147247,2021-02-23,2021-02-23,4days,BA,Y,46500,56500
97,Saint Laurent,muse bag blue,a1147199,2021-02-22,2021-02-22,7days,BA,Y,45670,55670
98,Miu Miu,matelasse cross body bag black,a153797,2019-11-04,2021-02-22,4days,BA,Y,39000,49000
99,A.P.C.,half round cross bag black,a1147170,2021-02-22,2021-02-22,4days,BA,Y,32460,42460
100,Fendi,fur detail peekaboo mini red,a1146366,2021-02-14,2021-02-22,4days,BA,Y,47820,57820
101,Kenzo,big eye leather cross bag black,a1147125,2021-02-22,2021-02-22,4days,BA,Y,34000,44000
102,Gucci,mammont cross bag multi,a1147098,2021-02-21,2021-02-21,7days,BA,Y,46300,56300
103,Fendi,dotcom bag black1,a1145444,2021-02-04,2021-02-19,7days,BA,Y,47820,57820
104,Chanel,2.55 classic patent bag navy,a1137358,2020-12-16,2021-02-18,7days,BA,Y,47330,57330
105,Christian Dior,bobby bag black,a1145434,2021-02-04,2021-02-18,7days,BA,Y,45670,55670
106,Burberry,classic logo cross bag brown,a1112718,2020-08-16,2021-02-18,4days,BA,Y,36120,46120
107,Saint Laurent,matlase monogram bag gray,a1146787,2021-02-18,2021-02-18,7days,BA,Y,45670,55670
108,Prada,color strap shoulder bag navy,a1146831,2021-02-18,2021-02-18,4days,BA,Y,39000,49000
109,Cesare Paciotti,new cubo satchel small black 1,a1146783,2021-02-18,2021-02-18,4days,BA,Y,34000,44000
110,Stella Mccartney,falabella box mini bag navy,a1146417,2021-02-15,2021-02-18,4days,BA,Y,33170,43170
111,Gucci,leather point cross bag,a1146490,,2021-02-18,4days,BA,Y,46300,56300
112,Saint Laurent,quilted calfskin shoulder bag,a1146790,2021-02-18,2021-02-18,7days,BA,Y,45670,55670
113,Chanel,classic flap clutch,a146699,2019-10-12,2021-02-18,4days,BA,Y,47330,57330
114,Burberry,vintage check and leather cross bag black,a1146752,2021-02-17,2021-02-17,4days,BA,Y,36120,46120
115,Chanel,quilted cross body bag black,a1145680,2021-02-06,2021-02-17,7days,BA,Y,47330,57330
116,Valentino,rockstud tote bag black,a1146728,2021-02-17,2021-02-17,4days,BA,Y,37640,47640
117,Louis Vuitton,monogram shoulder bag black,a1114134,2020-08-19,2021-02-17,4days,BA,Y,46580,56580
118,Gucci,mamont chain bag black,a1146311,2021-02-14,2021-02-17,4days,BA,Y,46300,56300
119,Celine,cabas tote bag black,a1146530,2021-02-15,2021-02-17,4days,BA,Y,45500,55500
120,Celine,classic box black,a1146661,2021-02-17,2021-02-17,7days,BA,N,45500,55500
121,Gucci,mamont chain bag red,a1146640,2021-02-16,2021-02-17,4days,BA,Y,46300,56300
122,Valentino,garavani leather clutch brown,a1143078,2021-01-14,2021-02-17,4days,BA,Y,37640,47640
123,Marni,trunk mini saffiano bag black,a1136426,2020-12-11,2021-02-16,4days,BA,Y,37950,47950
124,Gucci,mamont chain bag black,a1132235,2020-11-22,2021-02-16,4days,BA,Y,46300,56300
125,Goyard,senat GM clutch bag brown,a194275,2020-04-06,2021-02-16,4days,BA,Y,39000,49000
126,Gucci,microssima emily mini bag black,a1146514,2021-02-15,2021-02-16,4days,BA,Y,46300,56300
127,Prada,striped strap cross bag,a1142928,2021-01-14,2021-02-16,7days,BA,Y,39000,49000
128,Gucci,dionysus cross bag,a1146549,2021-02-16,2021-02-16,7days,BA,Y,46300,56300
129,Gucci,snake monogram bag beige,a1146392,2021-02-14,2021-02-15,7days,BA,Y,46300,56300
130,Saint Laurent,chevron quilted bag black,a184158,2020-02-22,2021-02-15,4days,BA,Y,45670,55670
131,Chanel,color block logo clutch 2,a1146354,2021-02-14,2021-02-15,4days,BA,Y,47330,57330
132,Prada,top handle corssbody bag black,a1135906,2020-12-08,2021-02-15,7days,BA,Y,39000,49000
133,Prada,pionniere bag brown,a1146306,2021-02-13,2021-02-14,7days,BA,Y,39000,49000
134,Gucci,wood handle dionysus bag,a1146305,2021-02-13,2021-02-14,4days,BA,Y,46300,56300
135,Gucci,dionysos velvet chain shoulder bag navy,a1146300,2021-02-13,2021-02-13,7days,BA,Y,46300,56300
136,Saint Laurent,leather tassel cross body bag gray,a1141632,2021-01-08,2021-02-13,4days,BA,N,45670,55670
137,Louis Vuitton,vanity bag brown,a1146209,2021-02-12,2021-02-12,7days,BA,Y,46580,56580
138,Maison Margiela,5ac tote bag brown,a1145853,2021-02-08,2021-02-11,7days,BA,Y,39000,49000
139,Prada,daino crossbody bag pink,a190885,2020-03-27,2021-02-09,4days,BA,Y,39000,49000
140,Fendi,belt motive clutch bag,a1145887,2021-02-08,2021-02-09,7days,BA,Y,47820,57820
141,Miu Miu,madras leather crossbody black,a1145644,2021-02-06,2021-02-08,4days,BA,Y,39000,49000
142,Chloe,drew bag red,a1145822,2021-02-08,2021-02-08,7days,BA,Y,35150,45150
143,Saint Laurent,matlase monogram bag black,a1145834,2021-02-08,2021-02-08,4days,BA,Y,45670,55670
144,Gucci,leather point cross bag,a1145830,2021-02-08,2021-02-08,4days,BA,N,46300,56300
145,Chanel,quilted enamel shoulder bag burgundy,a138391,2019-09-05,2021-02-07,7days,BA,Y,47330,57330
146,Prada,tweed texture chain bag,a1145528,2021-02-05,2021-02-07,7days,BA,Y,39000,49000
147,Coach,surrey carryall bag brown,a1143905,2021-01-20,2021-02-07,4days,BA,Y,33620,43620
148,Saint Laurent,chevron quilted cross bag green,a1145612,2021-02-06,2021-02-06,4days,BA,Y,45670,55670
149,Marni,trunk mini saffiano bag black,a183676,2020-02-19,2021-02-05,4days,BA,Y,37950,47950
150,Gucci,vintage web GG two way bag brown,a1145531,2021-02-05,2021-02-05,4days,BA,Y,46300,56300
151,Fendi,runaway regular bag,a1145187,2021-02-02,2021-02-04,7days,BA,Y,47820,57820
152,Fendi,monogram zucchino shoulder bag,a1145478,,2021-02-04,4days,BA,N,47820,57820
153,Saint Laurent,chevron quilted bag black,a1145479,2021-02-04,2021-02-04,4days,BA,N,45670,55670
154,thom browne,zipper clutch black,a1145467,2021-02-04,2021-02-04,4days,BA,N,39000,49000
155,Valentino,rockstud cross bag orange,a113690,2018-12-29,2021-02-04,4days,BA,Y,37640,47640
156,Gucci,flap cross bag grey,a1144947,2021-01-30,2021-02-04,4days,BA,Y,46300,56300
157,Gucci,logo pointed cross bag,a1145417,2021-02-04,2021-02-04,7days,BA,N,46300,56300
158,Louis Vuitton,damier eben tote bag,a1145137,2021-02-01,2021-02-04,7days,BA,Y,46580,56580
159,Prada,daino crossbody bag black 2,a1145353,2021-02-03,2021-02-04,4days,BA,Y,39000,49000
160,Prada,saffiano cross chain bag black,a1145165,2021-02-02,2021-02-04,7days,BA,Y,39000,49000
161,Dior,oblique canvas half moon bag,a1145130,2021-02-01,2021-02-04,4days,BA,Y,49000,59000
162,BYREDO,discover the stencil embellishment,a1145263,2021-02-02,2021-02-03,7days,BA,Y,39000,49000
163,Gucci,GG clutch chain bag,a1145046,2021-01-31,2021-02-03,7days,BA,Y,46300,56300
164,Prada,color strap shoulder bag navy,a1145279,2021-02-03,2021-02-03,4days,BA,Y,39000,49000
165,Prada,medium Nylon Backpack black,a1135783,2020-12-07,2021-02-03,4days,BA,Y,39000,49000
166,Gucci,dionysus cross bag black,a1144971,2021-01-30,2021-02-02,7days,BA,Y,46300,56300
167,Vivienne Westwood,nappa clasp chain bag,a1144940,2021-01-30,2021-02-02,7days,BA,Y,34000,44000
168,Christian Dior,classic two way bag pink,a1143720,2021-01-18,2021-02-02,7days,BA,Y,45670,55670
169,Burberry,vintage check and leather cross bag black,a1144705,2021-01-27,2021-02-02,7days,BA,Y,36120,46120
170,Louis Vuitton,monogram shoulder bag black,a1143575,2021-01-17,2021-02-02,7days,BA,Y,46580,56580
171,Prada,small logo bucket bag black,a1145039,2021-01-31,2021-02-02,7days,BA,Y,39000,49000
172,Gucci,mamont chain bag red,a1140427,2020-12-29,2021-02-02,7days,BA,Y,46300,56300
173,Gucci,lettering point two way bag brown,a143043,2019-09-26,2021-02-02,4days,BA,Y,46300,56300
174,Bulgari,serpenti bag green,a159684,2019-11-29,2021-02-02,7days,BA,Y,37330,47330
175,Gucci,quilted GG marmont clutch bag,a1145156,2021-02-01,2021-02-01,7days,BA,Y,46300,56300
176,Gucci,padlock GG canvas chain bag 2,a1145123,2021-02-01,2021-02-01,4days,BA,Y,46300,56300
177,Saint Laurent,quilted calfskin shoulder bag,a1144954,2021-01-30,2021-02-01,4days,BA,Y,45670,55670
178,Chloe,faye small bag black,a1144998,2021-01-31,2021-02-01,4days,BA,N,35150,45150
179,Chloe,round handle tote bag black,a117466,2019-03-06,2021-03-31,4days,BA,Y,35150,45150
180,Saint Laurent,sac de jour tote pink,a1151046,2021-03-27,2021-03-31,7days,BA,Y,45670,55670
181,Louis Vuitton,Mogram neonoe bucket brown bag,a174354,2020-01-16,2021-03-31,4days,BA,Y,46580,56580
182,Fendi,stripe pattern two way bucket bag brown,a1151466,2021-03-31,2021-03-31,7days,BA,Y,47820,57820
183,A.P.C.,half round chain bag black,a129477,2019-06-13,2021-03-31,4days,BA,Y,32460,42460
184,Yves Saint Laurent,chevron pattern chain bag beige,a1100548,2020-05-16,2021-03-31,4days,BA,Y,46500,56500
185,Dolce & Gabbana,classic two way bag beige,a1151332,2021-03-29,2021-03-30,7days,BA,Y,37330,47330
186,Fendi,diabolic eyes clutch bag,a1110169,2020-08-02,2021-03-30,4days,BA,Y,47820,57820
187,Saint Laurent,leather tassel cross body bag gray,a1151413,2021-03-30,2021-03-30,4days,BA,Y,45670,55670
188,Givenchy,antigona S black 2,a1151117,2021-03-28,2021-03-30,7days,BA,Y,35730,45730
189,Louis Vuitton,Pochette trunk vertical black bag,a1151051,2021-03-27,2021-03-30,4days,BA,Y,46580,56580
190,Louis Vuitton,monogram milla pochette MM,a1151153,2021-03-28,2021-03-30,4days,BA,Y,46580,56580
191,Gucci,sylvie leather mini chain bag red,a144279,2019-09-30,2021-03-29,7days,BA,Y,46300,56300
192,Gucci,vintage web cross bag brown,a1151303,2021-03-29,2021-03-29,7days,BA,N,46300,56300
193,Balenciaga,ville logo bag green,a1150992,2021-03-27,2021-03-29,4days,BA,Y,39000,49000
194,Gucci,microssima emily mini bag black,a1151297,2021-03-29,2021-03-29,4days,BA,Y,46300,56300
195,Gucci,GG pattern boston bag beige,a1144107,2021-01-22,2021-03-28,4days,BA,Y,46300,56300
196,Chloe,daria tote bag brown,a187913,2020-03-11,2021-03-28,7days,BA,Y,35150,45150
197,Gucci,flap cross bag grey,a1120886,2020-09-22,2021-03-28,7days,BA,Y,46300,56300
198,Gucci,mamont chain bag black,a1147267,2021-02-23,2021-03-28,7days,BA,Y,46300,56300
199,Burberry,python cross body bag black,a1150957,2021-03-26,2021-03-26,7days,BA,Y,36120,46120
200,Christian Dior,oblique jacquard shoulder bag,a1150537,2021-03-23,2021-03-26,4days,BA,N,45670,55670
201,Gucci,flower dionysus shoulder bag beige,a156236,2019-11-15,2021-03-26,4days,BA,Y,46300,56300
202,Yves Saint Laurent,belle de jour clutch red,a1143869,2021-01-20,2021-03-25,4days,BA,Y,46500,56500
203,Gucci,dionysos velvet chain shoulder bag navy,a1150835,2021-03-25,2021-03-25,7days,BA,Y,46300,56300
204,Celine,luggage nano bag deep dark brown,a1150825,2021-03-25,2021-03-25,4days,BA,N,45500,55500
205,Gucci,logo pointed cross bag,a1150816,2021-03-25,2021-03-25,4days,BA,Y,46300,56300
206,Prada,medium Nylon Backpack red,a1150796,2021-03-25,2021-03-25,7days,BA,Y,39000,49000
207,Christian Dior,bobby bag black,a195023,2020-04-09,2021-03-25,7days,BA,Y,45670,55670
208,Bottega Veneta,intrecciato clutch bag black,a1150769,2021-03-25,2021-03-25,7days,BA,N,38170,48170
209,Louis Vuitton,vanity bag brown,a1112556,2020-08-16,2021-03-25,7days,BA,Y,46580,56580
210,Rebecca Minkoff,quilted studs crossbody bag,a1150279,2021-03-21,2021-03-24,7days,BA,Y,33420,43420
211,Louis Vuitton,monogram shoulder bag black,a1150668,2021-03-24,2021-03-24,7days,BA,Y,46580,56580
212,Saint Laurent,sac de jour tote pink,a1149893,2021-03-18,2021-03-24,4days,BA,Y,45670,55670
213,Yves Saint Laurent,chevron pattern chain bag beige,a1150662,2021-03-24,2021-03-24,4days,BA,Y,46500,56500
214,Balenciaga,motor city giant yellow,a1150599,2021-03-24,2021-03-24,4days,BA,Y,39000,49000
215,Gucci,padlock GG canvas chain bag 2,a122247,2019-05-08,2021-03-24,4days,BA,Y,46300,56300
216,Prada,new vit daino shopper bag black,a1145089,2021-02-01,2021-03-24,7days,BA,Y,39000,49000
217,Gucci,monogram mammont chain bag black,a189801,2020-03-23,2021-03-24,4days,BA,Y,46300,56300
218,Celine,medium c quilted bag,a1150553,2021-03-23,2021-03-23,7days,BA,Y,45500,55500
219,Hermes,fabric fourre tout MM tote bag brown,a1150264,2021-03-21,2021-03-23,7days,BA,N,39000,49000
220,Celine,classic box black,a1150377,2021-03-22,2021-03-23,4days,BA,Y,45500,55500
221,Yves Saint Laurent,Y clutch black,a1150483,2021-03-23,2021-03-23,4days,BA,N,46500,56500
222,Tory Burch,leather flaming convertible mini gold chain tassle crossback black,a189377,2020-03-20,2021-03-23,7days,BA,Y,33620,43620
223,Gucci,vintage web bucket bag brown,a1150428,2021-03-22,2021-03-23,4days,BA,N,46300,56300
224,Louis Vuitton,Mogram neonoe bucket brown bag,a1119556,2020-09-14,2021-03-22,4days,BA,Y,46580,56580
225,Gucci,wood handle dionysus bag,a1150283,2021-03-21,2021-03-22,7days,BA,Y,46300,56300
226,Fendi,2jours bag navy,a1149926,2021-03-18,2021-03-21,7days,BA,Y,47820,57820
227,Marni,logo point clutch bag black,a1149972,2021-03-19,2021-03-21,7days,BA,Y,37950,47950
228,Fendi,pattern hobo chain bag gray,a1149889,2021-03-18,2021-03-21,4days,BA,Y,47820,57820
229,Fendi,logo point leather tote bag,a146384,2019-10-10,2021-03-20,4days,BA,Y,47820,57820
230,Salvatore Ferragamo,ginny cross bag black,a1148142,2021-03-03,2021-03-20,7days,BA,Y,39000,49000
231,Prada,daino shoulder bag skin,a1149583,2021-03-16,2021-03-19,4days,BA,N,39000,49000
232,Dior,croisiere patent lady bag navy,a1149637,2021-03-16,2021-03-19,7days,BA,Y,49000,59000
233,Salvatore Ferragamo,ginny mini bag black,a1149922,2021-03-18,2021-03-19,4days,BA,Y,39000,49000
234,Furla,metropolis cross bag cream,a146978,2019-10-13,2021-03-19,4days,BA,Y,33500,43500
235,Miu Miu,matelasse cross body bag black,a1149847,2021-03-18,2021-03-18,4days,BA,Y,39000,49000
236,Prada,striped strap cross bag,a1149667,2021-03-16,2021-03-18,4days,BA,Y,39000,49000
237,Louis Vuitton,monogram milla pochette MM,a1149467,2021-03-15,2021-03-18,4days,BA,Y,46580,56580
238,Gucci,GG marmont leather belt bag 2,a1149833,2021-03-18,2021-03-18,7days,BA,Y,46300,56300
239,Saint Laurent,leather tassel cross body bag gray,a1149829,2021-03-18,2021-03-18,4days,BA,Y,45670,55670
240,Balenciaga,motor city bag grey,a1149797,2021-03-17,2021-03-18,7days,BA,N,39000,49000
241,Gucci,small logo pointed cross bag black,a1149402,2021-03-15,2021-03-18,7days,BA,Y,46300,56300
242,Celine,luggage bag black,a1143474,2021-01-17,2021-03-17,4days,BA,Y,45500,55500
243,Givenchy,pandora small black,a1149759,2021-03-17,2021-03-17,7days,BA,Y,35730,45730
244,Gucci,microssima emily mini bag black,a1133478,2020-11-26,2021-03-17,4days,BA,Y,46300,56300
245,Yves Saint Laurent,cabas chyc large black 2,a1149756,2021-03-17,2021-03-17,4days,BA,Y,46500,56500
246,Delvaux,brillant GM satchel bag black,a1148167,2021-03-04,2021-03-17,4days,BA,Y,52330,62330
247,Red Valentino,White clutch bag,a1114314,2020-08-19,2021-03-17,4days,BA,Y,37330,47330
248,Rogervivier,classic chain tote bag cream,a1149207,2021-03-13,2021-03-17,4days,BA,Y,39000,49000
249,Gucci,dionysus cross bag,a158561,2019-11-26,2021-03-17,7days,BA,Y,46300,56300
250,Chloe,daria tote bag brown,a1148266,2021-03-05,2021-03-17,4days,BA,Y,35150,45150
251,Louis Vuitton,alma epi pm tote bag navy,a1149390,2021-03-15,2021-03-17,7days,BA,Y,46580,56580
252,Louis Vuitton,flap monogram clutch bag,a1149540,2021-03-16,2021-03-17,4days,BA,Y,46580,56580
253,Valentino,rockstud tote bag black,a1149671,2021-03-16,2021-03-16,7days,BA,Y,37640,47640
254,Gucci,scarf tote bag,a1149658,2021-03-16,2021-03-16,7days,BA,Y,46300,56300
255,Miu Miu,buckle detail tote bag orange,a1149584,2021-03-16,2021-03-16,4days,BA,Y,39000,49000
256,Salvatore Ferragamo,vara leather cross bag black,a1149604,2021-03-16,2021-03-16,4days,BA,N,39000,49000
257,Gucci,logo pointed cross bag,a1148361,2021-03-06,2021-03-15,4days,BA,Y,46300,56300
258,Fendi,stripe pattern two way bucket bag brown,a1110964,2020-08-10,2021-03-15,4days,BA,N,47820,57820
259,Saint Laurent,monogram clutch navy,a1149501,2021-03-15,2021-03-15,4days,BA,Y,45670,55670
260,Yves Saint Laurent,kate chain bag red,a1149413,2021-03-15,2021-03-15,7days,BA,Y,46500,56500
261,Prada,logo point suede bag burgundy,a1149465,2021-03-15,2021-03-15,7days,BA,Y,39000,49000
262,Prada,saffiano cross chain bag black,a1146676,2021-02-17,2021-03-15,4days,BA,Y,39000,49000
263,Gucci,leather point cross bag,a1149307,2021-03-14,2021-03-14,7days,BA,Y,46300,56300
264,Valentino,garavani crossboady bag red,a1149170,2021-03-13,2021-03-13,7days,BA,Y,37640,47640
265,Yves Saint Laurent,monogram envelope chain cross bag,a1149135,2021-03-12,2021-03-13,7days,BA,Y,46500,56500
266,Fendi,back to school bag 1,a1149094,,2021-03-12,7days,BA,Y,47820,57820
267,Prada,saffiano lux chain bag,a1148775,2021-03-09,2021-03-12,7days,BA,Y,39000,49000
268,Gucci,dionysus cross bag black,a1149062,2021-03-12,2021-03-12,4days,BA,Y,46300,56300
269,Chloe,drew bag beige,a1148373,2021-03-06,2021-03-11,4days,BA,Y,35150,45150
270,Gucci,dionysos velvet chain shoulder bag navy,a1137244,2020-12-15,2021-03-11,7days,BA,Y,46300,56300
271,Prada,top handle corssbody bag black,a1148935,2021-03-11,2021-03-11,7days,BA,Y,39000,49000
272,Cesare Paciotti,fonte clutch,a111030,2018-11-03,2021-03-11,4days,BA,N,34000,44000
273,Valentino,studded two way bag black,a137904,2019-09-03,2021-03-11,4days,BA,Y,37640,47640
274,Salvatore Ferragamo,sophia gancini tote bag,a1148393,2021-03-06,2021-03-10,4days,BA,Y,39000,49000
275,Gucci,flap cross bag grey,a1148865,2021-03-10,2021-03-10,7days,BA,Y,46300,56300
276,Burberry,vintage check shoulder bag,a1148134,2021-03-03,2021-03-10,4days,BA,Y,36120,46120
277,Prada,saffiano leather mini crossbody bag,a1127412,2020-10-28,2021-03-10,4days,BA,Y,39000,49000
278,Celine,luggage bag black,a1148575,2021-03-07,2021-03-10,4days,BA,Y,45500,55500
279,Prada,quilted belt bag black,a1148428,2021-03-06,2021-03-09,4days,BA,N,39000,49000
280,Gucci,padlock GG canvas chain bag 2,a1148482,2021-03-07,2021-03-09,7days,BA,Y,46300,56300
281,Gucci,mamont chain bag black,a1148504,2021-03-07,2021-03-09,4days,BA,Y,46300,56300
282,Yves Saint Laurent,chevron pattern chain bag beige,a153939,2019-11-05,2021-03-09,7days,BA,Y,46500,56500
283,Christian Dior,letter pointed tote bag,a1114519,2020-08-20,2021-03-09,4days,BA,Y,45670,55670
284,Yves Saint Laurent,belle de jour clutch bag,a1148642,2021-03-08,2021-03-08,7days,BA,Y,46500,56500
285,Gucci,jacquard shoulder tote bag,a1148176,2021-03-04,2021-03-07,4days,BA,Y,46300,56300
286,Prada,logo hobo bag black,a1147639,2021-02-26,2021-03-07,4days,BA,Y,39000,49000
287,Chanel,broach point cross bag khaki,a1148181,2021-03-04,2021-03-07,7days,BA,Y,47330,57330
288,Celine,cabas tote bag black,a1148363,2021-03-06,2021-03-06,7days,BA,Y,45500,55500
289,Mulberry,bayswater dark brown tote bag 2,a1135907,2020-12-08,2021-03-06,4days,BA,Y,35150,45150
290,Fendi,two way bucket bag white,a147785,2019-10-16,2021-03-06,7days,BA,Y,47820,57820
291,Burberry,check pattern flap tote bag,a1147456,2021-02-24,2021-03-06,7days,BA,Y,36120,46120
292,Salvatore Ferragamo,vara leather cross bag black,a1147505,2021-02-25,2021-03-05,4days,BA,Y,39000,49000
293,Bottega Veneta,intrecciato cross body bag green,a1146029,2021-02-10,2021-03-05,7days,BA,Y,38170,48170
294,Off White,lettering point bag white,a1148102,2021-03-03,2021-03-05,4days,BA,Y,35670,45670
295,Bottega Veneta,foldover top cross bag black,a1148278,2021-03-05,2021-03-05,4days,BA,Y,38170,48170
296,Saint Laurent,quilted calfskin shoulder bag,a1148237,2021-03-04,2021-03-04,4days,BA,N,45670,55670
297,Louis Vuitton,galliera gm Shoulder hobo Bag white,a1148221,2021-03-04,2021-03-04,7days,BA,Y,46580,56580
298,Gucci,wood handle dionysus bag,a1148179,2021-03-04,2021-03-04,4days,BA,N,46300,56300
299,Gucci,Mickeymouse Round Shoulder Bag,a1102068,2020-05-29,2021-03-04,7days,BA,Y,46300,56300
300,Celine,monogram tote bag beige,a1148131,2021-03-03,2021-03-03,7days,BA,Y,45500,55500
301,Salvatore Ferragamo,ginny cross bag navy,a1148155,2021-03-03,2021-03-03,7days,BA,Y,39000,49000
302,Clu,jaxsra bag beige,a1146765,2021-02-17,2021-03-03,7days,BA,Y,34000,44000
303,Christian Dior,bobby bag black,a1144916,2021-01-30,2021-03-03,7days,BA,Y,45670,55670
304,Vivienne Westwood,nappa clasp chain bag,a160736,2019-12-04,2021-03-03,4days,BA,Y,34000,44000
305,Louis Vuitton,Pochette trunk vertical black bag,a1148115,2021-03-03,2021-03-03,4days,BA,Y,46580,56580
306,Coach,graphic point two way bag ivory,a1147981,2021-03-02,2021-03-03,4days,BA,Y,33620,43620
307,Prada,color strap shoulder bag navy,a1148019,2021-03-02,2021-03-03,7days,BA,Y,39000,49000
308,Dolce & Gabbana,leopard pattern buckle bag,a1104837,2020-06-17,2021-03-02,4days,BA,Y,37330,47330
309,Chloe,drew bag beige,a1147704,2021-02-27,2021-03-02,4days,BA,Y,35150,45150
310,Maison Margiela,Bucket black bag,a1110424,2020-08-05,2021-03-02,7days,BA,Y,39000,49000
311,Chanel,fold over chain cross bag,a1141604,2021-01-07,2021-03-02,7days,BA,Y,47330,57330
312,Dior,croisiere patent lady bag navy,a1147803,2021-02-28,2021-03-02,7days,BA,Y,49000,59000
313,Gucci,vintage web GG two way bag brown,a1117218,2020-08-30,2021-03-02,7days,BA,Y,46300,56300
314,Gucci,microssima emily mini bag black,a1147942,2021-03-01,2021-03-01,7days,BA,Y,46300,56300
315,Burberry,check mackenzie cross bag pink,a1147938,2021-03-01,2021-03-01,7days,BA,Y,36120,46120
316,Yves Saint Laurent,logo point clutch bag pink,a119721,2019-04-10,2021-03-01,7days,BA,Y,46500,56500
317,Prada,saffiano lux M gray,a1146069,2021-02-11,2021-03-01,7days,BA,Y,39000,49000
318,Dior,croisiere patent lady bag,a1127813,2020-10-31,2021-01-14,4days,BA,Y,49000,59000
319,Christian Dior,croisiere patent lady bag,a1144515,2021-01-26,2021-01-28,4days,BA,Y,45670,55670
320,Dior,croisiere patent lady bag,a1121708,2020-09-28,2021-01-21,4days,BA,Y,49000,59000
321,Dior,croisiere patent lady bag,a1149454,2021-03-15,2021-03-15,7days,BA,Y,49000,59000
322,Dior,croisiere patent lady bag,a1148229,2021-03-04,2021-03-04,4days,BA,N,49000,59000
323,Gucci,padlock GG canvas shoulder bag,a143862,2019-09-29,2021-01-14,4days,BA,Y,46300,56300
324,Gucci,padlock GG canvas shoulder bag,a186345,2020-03-04,2021-01-21,7days,BA,Y,46300,56300
325,Gucci,padlock GG canvas shoulder bag,a1146405,2021-02-14,2021-02-24,7days,BA,Y,46300,56300
326,Gucci,padlock GG canvas shoulder bag,a1146641,2021-02-16,2021-02-19,7days,BA,Y,46300,56300
327,Gucci,padlock GG canvas shoulder bag,a1146881,2021-02-18,2021-02-18,4days,BA,N,46300,56300
328,Gucci,padlock GG canvas shoulder bag,a1146195,2021-02-12,2021-02-12,4days,BA,Y,46300,56300
329,Gucci,padlock GG canvas shoulder bag,a1145515,2021-02-04,2021-02-05,4days,BA,Y,46300,56300
330,Gucci,padlock GG canvas shoulder bag,a1151004,2021-03-27,2021-03-27,4days,BA,Y,46300,56300
331,Gucci,padlock GG canvas shoulder bag,a1147230,2021-02-22,2021-03-09,7days,BA,Y,46300,56300
332,Gucci,flap cross bag black,a1141099,2021-01-04,2021-01-13,4days,BA,Y,46300,56300
333,Gucci,flap cross bag black,a1151181,2021-03-28,2021-03-31,7days,BA,Y,46300,56300
334,Gucci,flap cross bag black,a1150885,2021-03-26,2021-03-26,7days,BA,Y,46300,56300
335,Gucci,flap cross bag black,a1150521,2021-03-23,2021-03-24,4days,BA,Y,46300,56300
336,Gucci,flap cross bag black,a1149522,2021-03-15,2021-03-16,4days,BA,Y,46300,56300
337,Gucci,flap cross bag black,a1148298,2021-03-05,2021-03-10,7days,BA,Y,46300,56300
338,Gucci,flap cross bag black,a1146005,2021-02-10,2021-03-03,4days,BA,Y,46300,56300
339,Gucci,vintage web shoulder bag black,a1139204,2020-12-22,2021-01-13,7days,BA,Y,46300,56300
340,Gucci,vintage web shoulder bag black,a1147714,2021-02-27,2021-02-27,7days,BA,Y,46300,56300
341,Gucci,vintage web shoulder bag black,a1145410,2021-02-03,2021-02-06,7days,BA,Y,46300,56300
342,Gucci,vintage web shoulder bag black,a1144530,2021-01-26,2021-02-02,4days,BA,N,46300,56300
343,Gucci,vintage web shoulder bag black,a110727,2018-10-27,2021-03-31,4days,BA,N,46300,56300
344,Saint Laurent,chevron quilted cross bag black,a1140871,2021-01-02,2021-01-13,4days,BA,Y,45670,55670
345,Saint Laurent,chevron quilted cross bag black,a1141925,2021-01-09,2021-01-12,4days,BA,Y,45670,55670
346,Saint Laurent,chevron quilted cross bag black,a1144784,2021-01-28,2021-01-29,7days,BA,Y,45670,55670
347,Saint Laurent,chevron quilted cross bag black,a1144656,2021-01-27,2021-01-27,7days,BA,Y,45670,55670
348,Saint Laurent,chevron quilted cross bag black,a146902,2019-10-13,2021-01-20,4days,BA,Y,45670,55670
349,Saint Laurent,chevron quilted cross bag black,a1136719,2020-12-12,2021-01-19,4days,BA,Y,45670,55670
350,Saint Laurent,chevron quilted cross bag black,a1142742,2021-01-13,2021-01-18,7days,BA,Y,45670,55670
351,Saint Laurent,chevron quilted cross bag black,a1147498,2021-02-25,2021-02-26,4days,BA,Y,45670,55670
352,Saint Laurent,chevron quilted cross bag black,a1147518,2021-02-25,2021-02-25,4days,BA,Y,45670,55670
353,Saint Laurent,chevron quilted cross bag black,a1147032,2021-02-21,2021-02-23,4days,BA,Y,45670,55670
354,Saint Laurent,chevron quilted cross bag black,a1146859,2021-02-18,2021-02-18,4days,BA,Y,45670,55670
355,Saint Laurent,chevron quilted cross bag black,a1146672,2021-02-17,2021-02-17,4days,BA,Y,45670,55670
356,Saint Laurent,chevron quilted cross bag black,a1145337,2021-02-03,2021-02-04,4days,BA,N,45670,55670
357,Saint Laurent,chevron quilted cross bag black,a1145206,2021-02-02,2021-02-02,4days,BA,Y,45670,55670
358,Saint Laurent,chevron quilted cross bag black,a125904,2019-05-24,2021-03-31,4days,BA,Y,45670,55670
359,Saint Laurent,chevron quilted cross bag black,a1151152,2021-03-28,2021-03-28,7days,BA,Y,45670,55670
360,Saint Laurent,chevron quilted cross bag black,a193947,2020-04-05,2021-03-24,4days,BA,Y,45670,55670
361,Saint Laurent,chevron quilted cross bag black,a1150470,2021-03-23,2021-03-23,7days,BA,Y,45670,55670
362,Saint Laurent,chevron quilted cross bag black,a1150365,2021-03-22,2021-03-22,4days,BA,Y,45670,55670
363,Saint Laurent,chevron quilted cross bag black,a1149569,2021-03-16,2021-03-17,7days,BA,Y,45670,55670
364,Saint Laurent,chevron quilted cross bag black,a1135400,2020-12-05,2021-03-09,4days,BA,Y,45670,55670
365,Saint Laurent,chevron quilted cross bag black,a1148129,2021-03-03,2021-03-06,7days,BA,N,45670,55670
366,Saint Laurent,chevron quilted cross bag black,a1148220,2021-03-04,2021-03-04,7days,BA,Y,45670,55670
367,Saint Laurent,mini sunset chain bag black,a1142471,2021-01-12,2021-01-12,7days,BA,Y,45670,55670
368,Saint Laurent,mini sunset chain bag black,a1129195,2020-11-07,2021-01-20,4days,BA,Y,45670,55670
369,Saint Laurent,mini sunset chain bag black,a1140645,2020-12-31,2021-01-19,7days,BA,Y,45670,55670
370,Saint Laurent,mini sunset chain bag black,a1147543,2021-02-25,2021-02-25,4days,BA,N,45670,55670
371,Saint Laurent,mini sunset chain bag black,a1146856,2021-02-18,2021-02-18,7days,BA,Y,45670,55670
372,Saint Laurent,mini sunset chain bag black,a1145011,2021-01-31,2021-02-01,7days,BA,Y,45670,55670
373,Saint Laurent,mini sunset chain bag black,a1151078,2021-03-27,2021-03-29,7days,BA,Y,45670,55670
374,Saint Laurent,mini sunset chain bag black,a1148855,2021-03-10,2021-03-11,7days,BA,Y,45670,55670
375,Gucci,quilted GG momont cross bag black,a1142263,2021-01-11,2021-01-11,7days,BA,Y,46300,56300
376,Yves Saint Laurent,collège medium cross bag,a189110,2020-03-19,2021-01-11,4days,BA,Y,46500,56500
377,Yves Saint Laurent,collège medium cross bag,a1122447,2020-10-04,2021-02-18,7days,BA,Y,46500,56500
378,Yves Saint Laurent,collège medium cross bag,a1145238,2021-02-02,2021-02-03,7days,BA,Y,46500,56500
379,Gucci,microssima emily mini bag cream,a1138765,2020-12-20,2021-01-11,7days,BA,Y,46300,56300
380,Gucci,microssima emily mini bag cream,a1146393,2021-02-14,2021-02-15,4days,BA,Y,46300,56300
381,Gucci,microssima emily mini bag cream,a1150099,2021-03-20,2021-03-20,7days,BA,Y,46300,56300
382,Louis Vuitton,alma epi pm tote bag black,a1141816,2021-01-09,2021-01-09,7days,BA,Y,46580,56580
383,Louis Vuitton,alma epi pm tote bag black,a178166,2020-01-29,2021-01-21,7days,BA,Y,46580,56580
384,Louis Vuitton,alma epi pm tote bag black,a1144425,2021-01-25,2021-02-09,4days,BA,Y,46580,56580
385,Louis Vuitton,alma epi pm tote bag black,a1149760,2021-03-17,2021-03-18,7days,BA,Y,46580,56580
386,Louis Vuitton,alma epi pm tote bag black,a1149746,2021-03-17,2021-03-17,4days,BA,Y,46580,56580
387,Gucci,ophidia small black,a1141468,2021-01-07,2021-01-08,4days,BA,Y,46300,56300
388,Gucci,ophidia small black,a1139870,2020-12-25,2021-01-18,4days,BA,Y,46300,56300
389,Louis Vuitton,monogram clutch brown,a1141530,2021-01-07,2021-01-07,7days,BA,Y,46580,56580
390,Louis Vuitton,monogram clutch brown,a1138863,2020-12-21,2021-01-18,7days,BA,Y,46580,56580
391,Louis Vuitton,monogram clutch brown,a1147385,2021-02-24,2021-02-24,7days,BA,Y,46580,56580
392,Louis Vuitton,monogram clutch brown,a1150091,2021-03-20,2021-03-25,4days,BA,Y,46580,56580
393,Louis Vuitton,monogram clutch brown,a1150711,2021-03-24,2021-03-24,7days,BA,Y,46580,56580
394,Louis Vuitton,monogram clutch brown,a1118030,2020-09-05,2021-03-20,4days,BA,Y,46580,56580
395,Louis Vuitton,monogram clutch brown,a1148708,2021-03-09,2021-03-09,4days,BA,Y,46580,56580
396,Gucci,GG pattern cross body bag beige,a1138438,2020-12-20,2021-01-07,7days,BA,Y,46300,56300
397,Gucci,GG pattern cross body bag beige,a1151175,2021-03-28,2021-03-28,7days,BA,N,46300,56300
398,Gucci,GG pattern cross body bag beige,a1148946,2021-03-11,2021-03-11,7days,BA,Y,46300,56300
399,Gucci,marmont GG velvet bag purple,a1141394,2021-01-06,2021-01-07,7days,BA,Y,46300,56300
400,Gucci,marmont GG velvet bag purple,a1150107,2021-03-20,2021-03-20,7days,BA,Y,46300,56300
401,Chanel,classic chain shoulder bag black,a1141379,2021-01-06,2021-01-06,7days,BA,Y,47330,57330
402,Salvatore Ferragamo,classic chain shoulder bag black,a1141007,2021-01-04,2021-01-06,4days,BA,Y,39000,49000
403,Gucci,mammont chain wallet bag black,a1138028,2020-12-19,2021-01-06,7days,BA,Y,46300,56300
404,Gucci,mammont chain wallet bag black,a1140550,2020-12-30,2021-01-19,4days,BA,Y,46300,56300
405,Gucci,mammont chain wallet bag black,a1147046,2021-02-21,2021-02-21,7days,BA,Y,46300,56300
406,Gucci,mammont chain wallet bag black,a1144976,2021-01-30,2021-02-04,4days,BA,Y,46300,56300
407,Gucci,mammont chain wallet bag black,a1151023,2021-03-27,2021-03-29,7days,BA,N,46300,56300
408,Gucci,mammont chain wallet bag black,a1149163,2021-03-13,2021-03-15,7days,BA,Y,46300,56300
409,Christian Dior,silver detailed cross bag black,a120417,2019-04-25,2021-01-04,7days,BA,Y,45670,55670
410,Christian Dior,silver detailed cross bag black,a1111676,2020-08-14,2021-01-26,4days,BA,Y,45670,55670
411,Christian Dior,silver detailed cross bag black,a1148938,2021-03-11,2021-03-11,7days,BA,Y,45670,55670
412,Gucci,marmont gg logo quilted bag Black 2,a1145022,2021-01-31,2021-01-31,7days,BA,Y,46300,56300
413,Gucci,marmont gg logo quilted bag Black 2,a149897,2019-10-22,2021-01-20,7days,BA,Y,46300,56300
414,Gucci,marmont gg logo quilted bag Black 2,a177034,2020-01-23,2021-03-01,4days,BA,Y,46300,56300
415,Gucci,mammont tote red,a1144833,2021-01-28,2021-01-31,4days,BA,Y,46300,56300
416,Louis Vuitton,logo chain tote bag black,a1144704,2021-01-27,2021-01-30,4days,BA,Y,46580,56580
417,Louis Vuitton,logo chain tote bag black,a1143948,2021-01-21,2021-01-21,4days,BA,Y,46580,56580
418,Louis Vuitton,logo chain tote bag black,a1146489,2021-02-15,2021-02-16,4days,BA,N,46580,56580
419,Louis Vuitton,logo chain tote bag black,a1148909,2021-03-10,2021-03-12,7days,BA,N,46580,56580
420,Saint Laurent,chevron quilting cross bag cream,a1144837,2021-01-28,2021-01-29,4days,BA,Y,45670,55670
421,Saint Laurent,chevron quilting cross bag cream,a1147388,2021-02-24,2021-02-24,7days,BA,Y,45670,55670
422,Saint Laurent,chevron quilting cross bag cream,a1145230,2021-02-02,2021-02-04,4days,BA,N,45670,55670
423,Saint Laurent,chevron quilting cross bag cream,a1148824,2021-03-10,2021-03-12,7days,BA,Y,45670,55670
424,Louis Vuitton,monogram eva clutch,a1144848,2021-01-29,2021-01-29,4days,BA,Y,46580,56580
425,Louis Vuitton,monogram eva clutch,a1146942,2021-02-19,2021-02-19,4days,BA,Y,46580,56580
426,Louis Vuitton,monogram eva clutch,a1141254,2021-01-05,2021-02-02,4days,BA,Y,46580,56580
427,Louis Vuitton,monogram eva clutch,a1148078,2021-03-03,2021-03-09,7days,BA,N,46580,56580
428,Louis Vuitton,monogram canvas clutch bag,a1140387,2020-12-29,2021-01-28,7days,BA,Y,46580,56580
429,Louis Vuitton,monogram canvas clutch bag,a13741,2018-03-20,2021-03-31,4days,BA,Y,46580,56580
430,Fendi,by the way small black,a1144653,2021-01-27,2021-01-28,4days,BA,Y,47820,57820
431,Chanel,zipper detail bucket tote bag,a1144766,2021-01-28,2021-01-28,4days,BA,Y,47330,57330
432,Chanel,zipper detail bucket tote bag,a1146535,2021-02-16,2021-02-16,4days,BA,Y,47330,57330
433,Chanel,zipper detail bucket tote bag,a1102098,2020-05-29,2021-02-04,4days,BA,Y,47330,57330
434,Gucci,jackie 1961 hobo bag ivory,a1144749,2021-01-28,2021-01-28,4days,BA,Y,46300,56300
435,Gucci,jackie 1961 hobo bag ivory,a1150439,2021-03-23,2021-03-23,7days,BA,Y,46300,56300
436,Gucci,jackie 1961 hobo bag ivory,a196908,2020-04-18,2021-03-09,7days,BA,Y,46300,56300
437,Chanel,quilted boy chain bag black,a1144306,2021-01-24,2021-01-27,7days,BA,Y,47330,57330
438,Chanel,mini round cross bag pink,a1126559,2020-10-25,2021-01-27,4days,BA,Y,47330,57330
439,Saint Laurent,cabas monogramtote bag black,a1144628,2021-01-27,2021-01-27,4days,BA,Y,45670,55670
440,Saint Laurent,cabas monogramtote bag black,a1149739,2021-03-17,2021-03-20,7days,BA,Y,45670,55670
441,Gucci,logo pointed cross bag black,a1144283,2021-01-24,2021-01-27,4days,BA,Y,46300,56300
442,Gucci,logo pointed cross bag black,a1146955,2021-02-20,2021-02-23,7days,BA,Y,46300,56300
443,Gucci,logo pointed cross bag black,a1117995,2020-09-05,2021-03-31,4days,BA,Y,46300,56300
444,Gucci,logo pointed cross bag black,a1149652,2021-03-16,2021-03-16,7days,BA,Y,46300,56300
445,Gucci,logo pointed cross bag black,a1148205,2021-03-04,2021-03-04,4days,BA,Y,46300,56300
446,Chanel,small logo quilted cross body bag black,a186156,2020-03-03,2021-01-27,7days,BA,Y,47330,57330
447,Chanel,small logo quilted cross body bag black,a1147619,2021-02-26,2021-02-26,7days,BA,Y,47330,57330
448,Chanel,small logo quilted cross body bag black,a1146399,2021-02-14,2021-02-16,7days,BA,Y,47330,57330
449,Chanel,small logo quilted cross body bag black,a1151058,2021-03-27,2021-03-28,7days,BA,Y,47330,57330
450,Saint Laurent,monogram chain wallet bag black,a1127427,2020-10-28,2021-01-27,7days,BA,Y,45670,55670
451,Saint Laurent,monogram chain wallet bag black,a1137370,2020-12-16,2021-02-23,4days,BA,Y,45670,55670
452,Saint Laurent,monogram chain wallet bag black,a1146283,2021-02-13,2021-02-14,4days,BA,N,45670,55670
453,Gucci,mamont bucket bag ivory,a1144564,2021-01-26,2021-01-26,4days,BA,Y,46300,56300
454,Gucci,mamont bucket bag ivory,a1129571,2020-11-09,2021-03-17,4days,BA,Y,46300,56300
455,Gucci,mamont bucket bag ivory,a1148057,2021-03-02,2021-03-04,7days,BA,Y,46300,56300
456,Gucci,mamont chain mini cross bag black,a1144520,2021-01-26,2021-01-26,4days,BA,Y,46300,56300
457,Gucci,mamont chain mini cross bag black,a1134951,2020-12-03,2021-02-22,4days,BA,Y,46300,56300
458,Gucci,mamont chain mini cross bag black,a189598,2020-03-22,2021-02-05,7days,BA,Y,46300,56300
459,Gucci,mamont chain mini cross bag black,a1149434,2021-03-15,2021-03-15,7days,BA,Y,46300,56300
460,Gucci,mamont chain mini cross bag black,a1148189,2021-03-04,2021-03-04,4days,BA,Y,46300,56300
461,Saint Laurent,quilted shoulder bag black,a19187,2018-10-01,2021-01-26,7days,BA,Y,45670,55670
462,Chanel,quilted shoulder bag black,a1147781,2021-02-28,2021-02-28,7days,BA,Y,47330,57330
463,Chanel,quilted shoulder bag black,a1145327,2021-02-03,2021-02-03,4days,BA,Y,47330,57330
464,Chanel,quilted shoulder bag black,a1151163,2021-03-28,2021-03-29,7days,BA,Y,47330,57330
465,Saint Laurent,quilted shoulder bag black,a1150730,2021-03-24,2021-03-24,7days,BA,Y,45670,55670
466,Saint Laurent,quilted shoulder bag black,a1149582,2021-03-16,2021-03-16,4days,BA,Y,45670,55670
467,Chanel,quilted shoulder bag black,a1149324,2021-03-14,2021-03-14,7days,BA,Y,47330,57330
468,Celine,trapeze tote bag black,a1142968,2021-01-14,2021-01-25,4days,BA,Y,45500,55500
469,Yves Saint Laurent,chevron quilting cross bag black,a110269,2018-10-19,2021-01-25,7days,BA,Y,46500,56500
470,Yves Saint Laurent,chevron quilting cross bag black,a1146710,2021-02-17,2021-02-19,7days,BA,Y,46500,56500
471,Yves Saint Laurent,chevron quilting cross bag black,a1145218,2021-02-02,2021-02-05,7days,BA,Y,46500,56500
472,Yves Saint Laurent,chevron quilting cross bag black,a1151433,2021-03-30,2021-03-30,4days,BA,N,46500,56500
473,Yves Saint Laurent,kate small monogram bag beige,a1134516,2020-12-01,2021-01-24,7days,BA,Y,46500,56500
474,Yves Saint Laurent,kate small monogram bag beige,a1147812,2021-02-28,2021-02-28,7days,BA,Y,46500,56500
475,Yves Saint Laurent,kate small monogram bag beige,a1145459,2021-02-04,2021-02-06,4days,BA,Y,46500,56500
476,Yves Saint Laurent,kate small monogram bag beige,a1142920,2021-01-14,2021-03-26,7days,BA,Y,46500,56500
477,Gucci,vintage web GG backpack,a1144267,2021-01-24,2021-01-24,7days,BA,Y,46300,56300
478,Gucci,vintage web GG backpack,a1149774,2021-03-17,2021-03-18,4days,BA,Y,46300,56300
479,Saint Laurent,chevron clutch black,a1144042,2021-01-22,2021-01-22,7days,BA,Y,45670,55670
480,Saint Laurent,chevron clutch black,a1135815,2020-12-08,2021-01-20,7days,BA,Y,45670,55670
481,Saint Laurent,chevron clutch black,a1147522,2021-02-25,2021-02-25,4days,BA,Y,45670,55670
482,Saint Laurent,chevron clutch black,a1106884,2020-07-01,2021-02-24,4days,BA,Y,45670,55670
483,Delvaux,brillant GM satchel bag,a111461,2018-11-14,2021-01-21,4days,BA,Y,52330,62330
484,Delvaux,brillant GM satchel bag,a154665,2019-11-08,2021-02-19,4days,BA,Y,52330,62330
485,Delvaux,brillant GM satchel bag,a1150699,2021-03-24,2021-03-25,7days,BA,Y,52330,62330
486,Delvaux,brillant GM satchel bag,a1147276,2021-02-23,2021-03-04,7days,BA,Y,52330,62330
487,Balenciaga,ville logo bag white,a172349,2020-01-10,2021-01-21,4days,BA,Y,39000,49000
488,Saint Laurent,monogram mini universal bag black,a1143715,2021-01-18,2021-01-21,4days,BA,N,45670,55670
489,Saint Laurent,monogram mini universal bag black,a1150675,2021-03-24,2021-03-26,7days,BA,Y,45670,55670
490,Saint Laurent,monogram mini universal bag black,a1148747,2021-03-09,2021-03-09,7days,BA,Y,45670,55670
491,Gucci,marmont GG logo quilted bag black,a1142902,2021-01-14,2021-01-20,4days,BA,Y,46300,56300
492,Gucci,marmont GG logo quilted bag black,a1144738,2021-01-28,2021-02-25,7days,BA,Y,46300,56300
493,Gucci,marmont GG logo quilted bag black,a1146707,2021-02-17,2021-02-20,7days,BA,Y,46300,56300
494,Gucci,marmont GG logo quilted bag black,a1145346,2021-02-03,2021-02-04,7days,BA,N,46300,56300
495,Gucci,marmont GG logo quilted bag black,a142390,2019-09-24,2021-03-19,4days,BA,Y,46300,56300
496,Louis Vuitton,boite chapeau souple cross bag,a185643,2020-03-01,2021-01-20,7days,BA,Y,46580,56580
497,Louis Vuitton,boite chapeau souple cross bag,a1146573,2021-02-16,2021-02-16,7days,BA,Y,46580,56580
498,Gucci,vintage web round cross bag black,a1138582,2020-12-20,2021-01-20,4days,BA,Y,46300,56300
499,Gucci,vintage web round cross bag black,a1146694,2021-02-17,2021-02-17,4days,BA,Y,46300,56300
500,Gucci,vintage web round cross bag black,a1145249,2021-02-02,2021-02-02,4days,BA,Y,46300,56300
501,Gucci,dionysus cross bag beige,a1143698,2021-01-18,2021-01-20,4days,BA,Y,46300,56300
502,Gucci,dionysus cross bag beige,a1146823,2021-02-18,2021-02-18,4days,BA,N,46300,56300
503,Gucci,dionysus cross bag beige,a1145559,2021-02-05,2021-02-05,4days,BA,Y,46300,56300
504,Gucci,dionysus cross bag beige,a1149614,2021-03-16,2021-03-16,7days,BA,Y,46300,56300
505,Gucci,dionysus cross bag beige,a1149124,2021-03-12,2021-03-15,7days,BA,Y,46300,56300
506,Gucci,dionysus cross bag beige,a1147807,2021-02-28,2021-03-03,4days,BA,Y,46300,56300
507,Gucci,dionysus cross bag beige,a1147729,2021-02-27,2021-03-02,4days,BA,Y,46300,56300
508,Gucci,dionysus shoulder bag beige,a1140850,2021-01-02,2021-01-20,7days,BA,Y,46300,56300
509,Gucci,dionysus shoulder bag beige,a1147450,2021-02-24,2021-02-25,4days,BA,Y,46300,56300
510,Gucci,dionysus shoulder bag beige,a1145471,2021-02-04,2021-02-05,7days,BA,Y,46300,56300
511,Gucci,dionysus shoulder bag beige,a1117773,2020-09-03,2021-02-03,4days,BA,N,46300,56300
512,Gucci,dionysus shoulder bag beige,a1148379,2021-03-06,2021-03-19,4days,BA,Y,46300,56300
513,Gucci,dionysus shoulder bag beige,a1149916,2021-03-18,2021-03-18,7days,BA,Y,46300,56300
514,Gucci,dionysus shoulder bag beige,a1148848,2021-03-10,2021-03-10,4days,BA,Y,46300,56300
515,Gucci,dionysus shoulder bag beige,a1106424,2020-06-28,2021-03-02,4days,BA,Y,46300,56300
516,Chanel,classic logo chain shoulder bag white,a186888,2020-03-07,2021-01-19,4days,BA,Y,47330,57330
517,Chanel,classic logo chain shoulder bag white,a1144400,2021-01-25,2021-02-23,4days,BA,Y,47330,57330
518,Chanel,classic logo chain shoulder bag white,a1110831,2020-08-09,2021-02-03,4days,BA,Y,47330,57330
519,Chanel,classic logo chain shoulder bag white,a1149168,2021-03-13,2021-03-13,7days,BA,Y,47330,57330
520,Gucci,super mini sylvie white,a1140407,2020-12-29,2021-01-19,7days,BA,Y,46300,56300
521,Gucci,super mini sylvie white,a1120046,2020-09-17,2021-03-13,4days,BA,Y,46300,56300
522,Gucci,super mini sylvie white,a1144433,2021-01-25,2021-03-02,7days,BA,Y,46300,56300
523,Gucci,sylvie mini chain ribbon bag red,a1133939,2020-11-28,2021-01-18,4days,BA,Y,46300,56300
524,Gucci,sylvie mini chain ribbon bag red,a1146180,2021-02-12,2021-02-15,7days,BA,Y,46300,56300
525,Gucci,sylvie mini chain ribbon bag red,a1147961,2021-03-01,2021-03-01,4days,BA,Y,46300,56300
526,Prada,quilted chain shoulder bag black,a152462,2019-10-30,2021-01-18,4days,BA,Y,39000,49000
527,Chanel,quilted chain shoulder bag black,a195790,2020-04-13,2021-02-24,4days,BA,Y,47330,57330
528,Gucci,sylvie leather mini chain bag black,a1138389,2020-12-19,2021-01-17,7days,BA,Y,46300,56300
529,Gucci,sylvie leather mini chain bag black,a1144928,2021-01-30,2021-02-24,7days,BA,Y,46300,56300
530,Gucci,sylvie leather mini chain bag black,a1145175,2021-02-02,2021-02-03,7days,BA,Y,46300,56300
531,Gucci,sylvie leather mini chain bag black,a1100887,2020-05-19,2021-03-29,7days,BA,Y,46300,56300
532,Gucci,sylvie leather mini chain bag black,a192423,2020-04-01,2021-03-08,7days,BA,Y,46300,56300
533,Louis Vuitton,epi tote bag black,a131784,2019-06-26,2021-02-27,7days,BA,Y,46580,56580
534,Louis Vuitton,epi tote bag black,a1147266,2021-02-23,2021-02-26,7days,BA,Y,46580,56580
535,Louis Vuitton,epi tote bag black,a1146244,2021-02-13,2021-02-15,7days,BA,Y,46580,56580
536,Louis Vuitton,epi tote bag black,a1146147,2021-02-12,2021-02-12,7days,BA,N,46580,56580
537,Louis Vuitton,epi tote bag black,a1150823,2021-03-25,2021-03-25,7days,BA,N,46580,56580
538,Louis Vuitton,epi tote bag black,a1149182,2021-03-13,2021-03-23,7days,BA,Y,46580,56580
539,Louis Vuitton,epi tote bag black,a1149203,2021-03-13,2021-03-13,7days,BA,Y,46580,56580
540,Louis Vuitton,epi tote bag black,a1149023,2021-03-11,2021-03-11,4days,BA,Y,46580,56580
541,Chanel,boy flab bag,a178999,2020-02-01,2021-02-26,7days,BA,Y,47330,57330
542,Chanel,boy flab bag,a1148876,2021-03-10,2021-03-10,7days,BA,Y,47330,57330
543,Gucci,monogram strap cross bag brown,a1147383,2021-02-24,2021-02-26,7days,BA,Y,46300,56300
544,Gucci,monogram strap cross bag brown,a1150376,2021-03-22,2021-03-25,7days,BA,Y,46300,56300
545,Gucci,microssima emily shoulder bag black,a1147335,2021-02-23,2021-02-25,7days,BA,Y,46300,56300
546,Gucci,microssima emily shoulder bag black,a1150589,2021-03-23,2021-03-24,4days,BA,Y,46300,56300
547,Chanel,boy caviar quilted cluth black,a1147512,2021-02-25,2021-02-25,7days,BA,Y,47330,57330
548,Chanel,boy caviar quilted cluth black,a1145545,2021-02-05,2021-02-08,7days,BA,Y,47330,57330
549,Chanel,boy caviar quilted cluth black,a1146368,2021-02-14,2021-03-09,7days,BA,Y,47330,57330
550,Saint Laurent,cassandre monogram clutch black,a1111449,2020-08-13,2021-02-25,4days,BA,N,45670,55670
551,Saint Laurent,cassandre monogram clutch black,a1150780,2021-03-25,2021-03-25,4days,BA,N,45670,55670
552,Gucci,GG marmont belt bag black,a1147477,2021-02-25,2021-02-25,4days,BA,Y,46300,56300
553,Gucci,GG marmont belt bag black,a1150346,2021-03-22,2021-03-22,4days,BA,Y,46300,56300
554,Gucci,GG marmont belt bag black,a1148717,2021-03-09,2021-03-12,4days,BA,Y,46300,56300
555,Rimowa,topaz 53,a1147373,2021-02-24,2021-02-25,7days,BA,Y,39000,49000
556,Yves Saint Laurent,kate small monogram bag black,a1147203,2021-02-22,2021-02-24,4days,BA,Y,46500,56500
557,Yves Saint Laurent,kate small monogram bag black,a1145296,2021-02-03,2021-02-03,7days,BA,Y,46500,56500
558,Yves Saint Laurent,kate small monogram bag black,a1147974,2021-03-02,2021-03-12,4days,BA,Y,46500,56500
559,Saint Laurent,monogram cross body bag black,a1147306,2021-02-23,2021-02-24,4days,BA,Y,45670,55670
560,Saint Laurent,monogram cross body bag black,a1150884,2021-03-26,2021-03-26,7days,BA,Y,45670,55670
561,Saint Laurent,monogram cross body bag black,a1150300,2021-03-22,2021-03-24,4days,BA,Y,45670,55670
562,Saint Laurent,monogram cross body bag black,a1136565,2020-12-11,2021-03-13,4days,BA,Y,45670,55670
563,Saint Laurent,monogram cross body bag black,a1148921,2021-03-11,2021-03-11,7days,BA,Y,45670,55670
564,Chanel,classic clutch black,a157063,2019-11-19,2021-02-24,4days,BA,Y,47330,57330
565,Chanel,classic clutch black,a1147280,2021-02-23,2021-02-23,4days,BA,Y,47330,57330
566,Chanel,classic clutch black,a145138,2019-10-04,2021-02-13,7days,BA,Y,47330,57330
567,Chanel,classic clutch black,a1145073,2021-02-01,2021-02-04,4days,BA,Y,47330,57330
568,Chanel,classic clutch black,a1145436,2021-02-04,2021-02-04,7days,BA,Y,47330,57330
569,Chanel,classic clutch black,a1151106,2021-03-28,2021-03-31,4days,BA,Y,47330,57330
570,Chanel,classic clutch black,a1146521,2021-02-15,2021-03-25,7days,BA,N,47330,57330
571,Chanel,classic clutch black,a1105909,2020-06-24,2021-03-24,4days,BA,Y,47330,57330
572,Chanel,classic clutch black,a1149788,2021-03-17,2021-03-17,4days,BA,Y,47330,57330
573,Chanel,classic clutch black,a1148370,2021-03-06,2021-03-09,7days,BA,Y,47330,57330
574,Chanel,classic clutch black,a192716,2020-04-02,2021-03-09,4days,BA,Y,47330,57330
575,Chanel,classic clutch black,a1148485,2021-03-07,2021-03-08,7days,BA,Y,47330,57330
576,Chanel,vintage mini cross body,a1147205,2021-02-22,2021-02-23,7days,BA,Y,47330,57330
577,Saint Laurent,chevron quilted cross bag beige,a1124332,2020-10-14,2021-02-23,4days,BA,Y,45670,55670
578,Saint Laurent,chevron quilted cross bag beige,a1145376,2021-02-03,2021-02-13,4days,BA,N,45670,55670
579,Saint Laurent,chevron quilted cross bag beige,a1149527,2021-03-15,2021-03-17,7days,BA,Y,45670,55670
580,Gucci,dionysus cross bag green,a1147181,2021-02-22,2021-02-22,4days,BA,Y,46300,56300
581,Gucci,dionysus cross bag green,a1150214,2021-03-21,2021-03-21,4days,BA,N,46300,56300
582,Gucci,dionysus cross bag green,a1102582,2020-05-31,2021-03-08,4days,BA,Y,46300,56300
583,Gucci,marmont gg logo quilted bag Black,a1147123,2021-02-21,2021-02-22,4days,BA,N,46300,56300
584,Gucci,marmont gg logo quilted bag Black,a1143565,2021-01-17,2021-02-04,4days,BA,Y,46300,56300
585,Gucci,marmont gg logo quilted bag Black,a1145191,2021-02-02,2021-02-02,4days,BA,Y,46300,56300
586,Gucci,marmont gg logo quilted bag Black,a1150157,2021-03-20,2021-03-23,7days,BA,Y,46300,56300
587,Saint Laurent,lou cross bag black,a1146923,2021-02-19,2021-02-19,7days,BA,Y,45670,55670
588,Saint Laurent,lou cross bag black,a1150737,2021-03-25,2021-03-26,7days,BA,Y,45670,55670
589,Saint Laurent,lou cross bag black,a152831,2019-10-31,2021-03-17,4days,BA,Y,45670,55670
590,Miu Miu,matelasse chain mini bag pink,a1146872,2021-02-18,2021-02-19,7days,BA,Y,39000,49000
591,Miu Miu,matelasse chain mini bag pink,a1150433,2021-03-23,2021-03-23,4days,BA,Y,39000,49000
592,Miu Miu,matelasse chain mini bag pink,a1148159,2021-03-03,2021-03-04,4days,BA,Y,39000,49000
593,Chanel,grand-shopping caviar cream,a1107269,2020-07-05,2021-02-19,7days,BA,Y,47330,57330
594,Chanel,grand-shopping caviar cream,a1145380,2021-02-03,2021-02-05,7days,BA,Y,47330,57330
595,Gucci,unique vintage web mini cross bag,a1146554,2021-02-16,2021-02-18,7days,BA,Y,46300,56300
596,Gucci,unique vintage web mini cross bag,a1150597,2021-03-24,2021-03-25,7days,BA,Y,46300,56300
597,Chanel,boy chanel clutch black,a1146817,2021-02-18,2021-02-18,4days,BA,Y,47330,57330
598,Chanel,boy chanel clutch black,a1146624,2021-02-16,2021-02-16,4days,BA,Y,47330,57330
599,Chanel,boy chanel clutch black,a1146377,2021-02-14,2021-02-15,7days,BA,Y,47330,57330
600,Chanel,boy chanel clutch black,a1145135,2021-02-01,2021-02-04,7days,BA,Y,47330,57330
601,Chanel,boy chanel clutch black,a1145406,2021-02-03,2021-02-04,7days,BA,Y,47330,57330
602,Chanel,boy chanel clutch black,a1151134,2021-03-28,2021-03-28,7days,BA,Y,47330,57330
603,Chanel,boy chanel clutch black,a1149382,2021-03-14,2021-03-16,7days,BA,Y,47330,57330
604,Chanel,boy chanel clutch black,a1149475,2021-03-15,2021-03-15,4days,BA,Y,47330,57330
605,Chanel,boy chanel clutch black,a1148185,2021-03-04,2021-03-04,7days,BA,Y,47330,57330
606,Chanel,boy chanel clutch black,a1148097,2021-03-03,2021-03-03,7days,BA,Y,47330,57330
607,Chanel,boy chanel clutch black,a1147960,2021-03-01,2021-03-01,7days,BA,Y,47330,57330
608,Chanel,patent small beige,a145963,2019-10-08,2021-02-18,4days,BA,Y,47330,57330
609,Chanel,patent small beige,a1102611,2020-05-31,2021-03-24,4days,BA,Y,47330,57330
610,Louis Vuitton,monogram two way bag brown,a1145314,2021-02-03,2021-02-18,4days,BA,Y,46580,56580
611,Louis Vuitton,monogram two way bag brown,a1148075,2021-03-03,2021-03-03,7days,BA,Y,46580,56580
612,Louis Vuitton,verni mini clutch chain bag black,a1145662,2021-02-06,2021-02-17,4days,BA,Y,46580,56580
613,Louis Vuitton,verni mini clutch chain bag black,a1151301,2021-03-29,2021-03-31,4days,BA,Y,46580,56580
614,Louis Vuitton,verni mini clutch chain bag black,a1149970,2021-03-19,2021-03-19,4days,BA,Y,46580,56580
615,Celine,leather chain bag brown,a1135622,2020-12-06,2021-02-17,4days,BA,Y,45500,55500
616,Celine,leather chain bag brown,a1148022,2021-03-02,2021-03-23,4days,BA,Y,45500,55500
617,Louis Vuitton,damier ebene cross bag brown,a1146602,2021-02-16,2021-02-17,4days,BA,Y,46580,56580
618,Chanel,matelasse mademoiselle clutch bag black,a1146652,2021-02-17,2021-02-17,7days,BA,Y,47330,57330
619,Chanel,matelasse mademoiselle clutch bag black,a1150734,2021-03-24,2021-03-25,7days,BA,Y,47330,57330
620,Chanel,matelasse mademoiselle clutch bag black,a191314,2020-03-28,2021-03-08,7days,BA,Y,47330,57330
621,Chanel,basic logo tote bag black 2,a1146600,2021-02-16,2021-02-16,7days,BA,N,47330,57330
622,Louis Vuitton,verni clutch chain bag pink,a1146297,2021-02-13,2021-02-16,4days,BA,Y,46580,56580
623,Louis Vuitton,verni clutch chain bag pink,a1145051,2021-01-31,2021-02-02,4days,BA,Y,46580,56580
624,Rimowa,topaz 52.,a1146589,2021-02-16,2021-02-16,7days,BA,Y,39000,49000
625,Louis Vuitton,neonoe escale rainbow,a1146576,2021-02-16,2021-02-16,4days,BA,Y,46580,56580
626,Louis Vuitton,neonoe escale rainbow,a1150595,2021-03-23,2021-03-23,4days,BA,Y,46580,56580
627,Gucci,jackie 1961 hobo bag brown,a1113847,2020-08-18,2021-02-16,7days,BA,Y,46300,56300
628,Gucci,jackie 1961 hobo bag brown,a1145076,2021-02-01,2021-02-01,7days,BA,Y,46300,56300
629,Gucci,jackie 1961 hobo bag brown,a1131514,2020-11-18,2021-03-03,4days,BA,Y,46300,56300
630,Gucci,GG marmont quilted-leather belt bag,a1143874,2021-01-20,2021-02-16,7days,BA,Y,46300,56300
631,Gucci,GG marmont quilted-leather belt bag,a1151404,2021-03-30,2021-03-30,7days,BA,Y,46300,56300
632,Gucci,GG marmont quilted-leather belt bag,a1143318,2021-01-15,2021-03-03,7days,BA,Y,46300,56300
633,Louis Vuitton,chain pattern twist cross bag,a1146289,2021-02-13,2021-02-15,7days,BA,Y,46580,56580
634,Louis Vuitton,chain pattern twist cross bag,a1150183,2021-03-21,2021-03-24,7days,BA,Y,46580,56580
635,Louis Vuitton,chain pattern twist cross bag,a1149258,2021-03-13,2021-03-14,4days,BA,Y,46580,56580
636,Louis Vuitton,verni shoulder bag purple,a1145891,2021-02-09,2021-02-14,7days,BA,Y,46580,56580
637,Louis Vuitton,verni shoulder bag purple,a1148768,2021-03-09,2021-03-12,4days,BA,Y,46580,56580
638,Louis Vuitton,very shoulder bag black,a1145931,2021-02-09,2021-02-10,4days,BA,Y,46580,56580
639,Louis Vuitton,very shoulder bag black,a1149696,2021-03-16,2021-03-16,7days,BA,Y,46580,56580
640,Fendi,regular 2jours black,a1145924,2021-02-09,2021-02-10,4days,BA,Y,47820,57820
641,Louis Vuitton,favorite MM shoulder bag,a1145908,2021-02-09,2021-02-09,7days,BA,Y,46580,56580
642,Louis Vuitton,favorite MM shoulder bag,a1151129,2021-03-28,2021-03-29,7days,BA,Y,46580,56580
643,Louis Vuitton,favorite MM shoulder bag,a1149547,2021-03-16,2021-03-16,7days,BA,Y,46580,56580
644,Fendi,peekaboo tote bag beige,a1145888,2021-02-09,2021-02-09,4days,BA,Y,47820,57820
645,Louis Vuitton,logo enamel clutch black,a1145082,2021-02-01,2021-02-08,4days,BA,Y,46580,56580
646,Gucci,GG supreme clutch brown,a156051,2019-11-14,2021-02-08,4days,BA,Y,46300,56300
647,Gucci,GG supreme clutch brown,a1151499,2021-03-31,2021-03-31,4days,BA,Y,46300,56300
648,Gucci,GG marmont shoulder bag pink,a1145762,2021-02-07,2021-02-07,7days,BA,Y,46300,56300
649,Fendi,3jours two way bag beige,a1145641,2021-02-06,2021-02-06,4days,BA,Y,47820,57820
650,Miu Miu,matelasse shoulder bag black,a1145170,2021-02-02,2021-02-03,7days,BA,Y,39000,49000
651,Miu Miu,matelasse shoulder bag black,a1149914,2021-03-18,2021-03-18,4days,BA,Y,39000,49000
652,Chanel,boy chanel crossbody bag black,a1145060,2021-01-31,2021-02-03,4days,BA,Y,47330,57330
653,Chanel,boy chanel crossbody bag black,a1148192,2021-03-04,2021-03-08,4days,BA,Y,47330,57330
654,Yves Saint Laurent,chevron logo clutch bag black,a1144530,2021-01-26,2021-02-02,4days,BA,N,46500,56500
655,Louis Vuitton,verni mini clutch chain bag brown,a1145144,2021-02-01,2021-02-02,4days,BA,Y,46580,56580
656,Louis Vuitton,verni mini clutch chain bag brown,a1150577,2021-03-23,2021-03-23,7days,BA,Y,46580,56580
657,Louis Vuitton,verni mini clutch chain bag brown,a1138484,2020-12-20,2021-03-09,7days,BA,Y,46580,56580
658,Saint Laurent,monogram clutch black,a1148598,2021-03-08,2021-03-31,4days,BA,Y,45670,55670
659,Saint Laurent,monogram clutch black,a1149690,2021-03-16,2021-03-16,4days,BA,Y,45670,55670
660,Christian Dior,lucky badges handle bag black,a1151362,2021-03-30,2021-03-30,4days,BA,Y,45670,55670
661,Christian Dior,lucky badges handle bag black,a1148092,2021-03-03,2021-03-05,7days,BA,Y,45670,55670
662,Chanel,Tote beige bag,a1136536,2020-12-11,2021-03-30,7days,BA,Y,47330,57330
663,Chanel,Tote beige bag,a1149929,2021-03-18,2021-03-19,7days,BA,Y,47330,57330
664,Celine,Luggage pink bag,a1150941,2021-03-26,2021-03-29,7days,BA,Y,45500,55500
665,Celine,Luggage pink bag,a1149580,2021-03-16,2021-03-16,7days,BA,Y,45500,55500
666,Louis Vuitton,thames hobo shoulder bag brown,a1150260,2021-03-21,2021-03-28,7days,BA,Y,46580,56580
667,Celine,monogram cross body bag brown,a121532,2019-05-02,2021-03-26,7days,BA,Y,45500,55500
668,Celine,monogram cross body bag brown,a1148837,2021-03-10,2021-03-10,7days,BA,Y,45500,55500
669,Chanel,grand-shopping caviar black shoulder bag,a1150511,2021-03-23,2021-03-26,7days,BA,Y,47330,57330
670,Chanel,grand-shopping caviar black shoulder bag,a1148104,2021-03-03,2021-03-03,7days,BA,Y,47330,57330
671,Celine,trio bag black,a1150762,2021-03-25,2021-03-26,7days,BA,Y,45500,55500
672,Fendi,ff logo point tote bag,a194306,2020-04-06,2021-03-25,4days,BA,Y,47820,57820
673,Chanel,classic clutch green,a1150683,2021-03-24,2021-03-24,7days,BA,Y,47330,57330
674,Louis Vuitton,monogram tote bag brown,a1150588,2021-03-23,2021-03-24,7days,BA,N,46580,56580
675,Gucci,ophidia GG mini bag,a1149969,2021-03-19,2021-03-24,4days,BA,Y,46300,56300
676,Gucci,GG marmont belt bag bluegreen,a1150246,2021-03-21,2021-03-23,7days,BA,Y,46300,56300
677,Gucci,GG marmont belt bag bluegreen,a1147245,2021-02-23,2021-03-06,7days,BA,Y,46300,56300
678,Gucci,GG marmont cross bag bluegreen,a1149664,2021-03-16,2021-03-23,7days,BA,Y,46300,56300
679,Chanel,2.55 classic patent bag black,a1150446,2021-03-23,2021-03-23,7days,BA,Y,47330,57330
680,Gucci,mamont chain cross body bag black,a1147249,2021-02-23,2021-03-22,7days,BA,Y,46300,56300
681,Dior,croisiere patent lady bag pink,a1150326,2021-03-22,2021-03-22,7days,BA,Y,49000,59000
682,Gucci,dionysus bag,a1149629,2021-03-16,2021-03-19,7days,BA,Y,46300,56300
683,Gucci,Mamont top handle black bag,a1149573,2021-03-16,2021-03-19,7days,BA,N,46300,56300
684,Hermes,fabric fourre tout MM tote bag,a197203,2020-04-19,2021-03-18,7days,BA,N,39000,49000
685,Louis Vuitton,studded shoulder bag black,a1123025,2020-10-07,2021-03-18,7days,BA,Y,46580,56580
686,Chanel,chevron quilted clutch bag black,a1149790,2021-03-17,2021-03-18,7days,BA,Y,47330,57330
687,Gucci,monogram backpack brown,a1149535,2021-03-16,2021-03-16,7days,BA,N,46300,56300
688,Saint Laurent,monogram shoulder bag brown,a1147934,2021-03-01,2021-03-15,4days,BA,Y,45670,55670
689,Gucci,GG soho chain clutch bag black,a1147854,2021-02-28,2021-03-09,4days,BA,Y,46300,56300
690,Chanel,unique pattern boy cross bag,a1147817,2021-02-28,2021-03-03,7days,BA,Y,47330,57330
691,Yves Saint Laurent,chevron quilted shoulder bag black,a195329,2020-04-10,2021-03-03,4days,BA,Y,46500,56500
